{
  "circuit": "rand_50q_1500t_s42",
  "topology": "grid",
  "mapper": "sa",
  "profile": "locality_light_balance",
  "seed": 42,
  "pbc_path": "/Users/nazmul/Documents/githubs/lamdams/circuits/benchmarks/pbc/rand_50q_1500t_s42_PBC.json",
  "hardware_label": "2\u00d73 (6B, 76% fill)",
  "n_logicals": 50,
  "logical_depth": 43572,
  "layer_depths": [
    1032,
    1850,
    3800,
    2754,
    3118,
    2213,
    2785,
    3403,
    2625,
    2606,
    2768,
    3389,
    3296,
    3170,
    2382,
    1531,
    819,
    31
  ],
  "inter_block_all": 1325,
  "inter_block_t_only": 0,
  "metrics": {
    "score_total": 24703648.405821122,
    "active_blocks": 5,
    "unused_blocks": 1,
    "occupancy_range": 11.0,
    "occupancy_std": 4.149966532662911,
    "num_multiblock": 1325,
    "span_total": 4793.0,
    "mst_total": 4891.0,
    "split_total": 2346.251597455456,
    "support_peak": 1298.0,
    "support_range": 1298.0,
    "n_blocks": 6
  },
  "timing_sec": {
    "map": 652.704,
    "schedule": 97.889,
    "total": 750.594
  },
  "sa_params": {
    "steps": 12000,
    "t0": 100000.0,
    "tend": 0.05
  },
  "score_kwargs": {
    "W_UNUSED_BLOCKS": 1000000.0,
    "W_OCC_RANGE": 22000.0,
    "W_OCC_STD": 11000.0,
    "W_MULTI_BLOCK": 0.0,
    "W_SPAN": 4500.0,
    "W_MST": 275.0,
    "W_SPLIT": 15.0,
    "W_SUPPORT_PEAK": 200.0,
    "W_SUPPORT_RANGE": 160.0,
    "W_SUPPORT_STD": 0.0
  },
  "timestamp": "2026-04-13T07:13:53.316204+00:00"
}