{
  "circuit": "rand_50q_1500t_s42",
  "topology": "grid",
  "mapper": "random",
  "profile": "random_baseline",
  "seed": 42,
  "pbc_path": "/Users/nazmul/Documents/githubs/lamdams/circuits/benchmarks/pbc/rand_50q_1500t_s42_PBC.json",
  "hardware_label": "2\u00d73 (6B, 76% fill)",
  "n_logicals": 50,
  "logical_depth": 43212,
  "layer_depths": [
    1014,
    1853,
    3660,
    2716,
    3171,
    2179,
    2751,
    3338,
    2492,
    2533,
    2861,
    3299,
    3233,
    3371,
    2357,
    1516,
    833,
    35
  ],
  "inter_block_all": 1406,
  "inter_block_t_only": 0,
  "metrics": {
    "score_total": 68879257.28190526,
    "active_blocks": 6,
    "unused_blocks": 0,
    "occupancy_range": 5.0,
    "occupancy_std": 1.7950549357115013,
    "num_multiblock": 1406,
    "span_total": 6534.0,
    "mst_total": 6647.0,
    "split_total": 2010.2007226702246,
    "support_peak": 1359.0,
    "support_range": 39.0,
    "n_blocks": 6
  },
  "timing_sec": {
    "map": 0.0,
    "schedule": 83.284,
    "total": 83.284
  },
  "sa_params": {
    "steps": 12000,
    "t0": 100000.0,
    "tend": 0.05
  },
  "score_kwargs": {},
  "timestamp": "2026-04-13T06:48:07.005306+00:00"
}