{
  "circuit": "rand_50q_1500t_s42",
  "topology": "grid",
  "mapper": "sa",
  "profile": "base",
  "seed": 42,
  "pbc_path": "/Users/nazmul/Documents/githubs/lamdams/circuits/benchmarks/pbc/rand_50q_1500t_s42_PBC.json",
  "hardware_label": "2\u00d73 (6B, 76% fill)",
  "n_logicals": 50,
  "logical_depth": 43631,
  "layer_depths": [
    878,
    1749,
    3759,
    2959,
    3289,
    2199,
    2692,
    3346,
    2614,
    2639,
    2822,
    3405,
    3303,
    3192,
    2385,
    1545,
    824,
    31
  ],
  "inter_block_all": 1328,
  "inter_block_t_only": 0,
  "metrics": {
    "score_total": 51585634.69396751,
    "active_blocks": 5,
    "unused_blocks": 1,
    "occupancy_range": 11.0,
    "occupancy_std": 4.149966532662911,
    "num_multiblock": 1328,
    "span_total": 4785.0,
    "mst_total": 4850.0,
    "split_total": 2364.4861304193437,
    "support_peak": 1302.0,
    "support_range": 1302.0,
    "n_blocks": 6
  },
  "timing_sec": {
    "map": 343.521,
    "schedule": 48.049,
    "total": 391.57
  },
  "sa_params": {
    "steps": 12000,
    "t0": 100000.0,
    "tend": 0.05
  },
  "score_kwargs": {
    "W_UNUSED_BLOCKS": 1000000.0,
    "W_OCC_RANGE": 10000.0,
    "W_OCC_STD": 5000.0,
    "W_MULTI_BLOCK": 0.0,
    "W_SPAN": 10000.0,
    "W_MST": 500.0,
    "W_SPLIT": 10.0,
    "W_SUPPORT_PEAK": 100.0,
    "W_SUPPORT_RANGE": 20.0,
    "W_SUPPORT_STD": 0.0
  },
  "timestamp": "2026-04-13T06:54:38.620061+00:00"
}